"paragraph","nrc_sentiment","no_of_interactions","sentence_id","anger","anticipation","disgust","fear","joy","sadness","surprise","trust","Valence","Arousal","Dominance"
" Harry remains at his house ,  Privet , living with his Muggle aunt , uncle and cousin and severely cut off from the rest of the wizarding world . The neighbourhood is suffering from an exhausting heat wave and due to this , Harry spends the majority of his summer out of the house , going on walks and trying to avoid his aunt and uncle as much as possible because the paranoid pair wo n't stop badgering him over his interest in the news . He is constantly rummaging through bins for old newspapers , searching for front-page news about the return of Tom in the Daily Prophet .",-0.6,3," 1 2 3",0.105263157894737,0.105263157894737,0.105263157894737,0.157894736842105,0.0526315789473684,0.157894736842105,0,0.315789473684211,0.66357,-1.05274,0.27238
" However , nothing unusual is reported , so Harry assumes that the Minister for Magic , Cornelius is still as oblivious and in denial of Tom 's return as he was before . After running into his cousin , Dudley and his street gang on a walk , Harry confronts Dudley after his gang leaves which turns into an argument , where Dudley mocks Harry about Cedric 's death , having heard Harry use that name in his sleep . Harry immediately denies it and when Harry takes out his wand and pretends to curse Dudley with it ; a cold chill comes onto the duo and Harry and Dudley are then attacked by Dementors .",-2.7,3," 4 5 6",0.35,0.1,0.1,0.15,0,0.25,0.05,0,-0.01962,-0.67551,0.25833
" Harry attempts the Patronus Charm three times and is successful on the last try , and is surprised to find Arabella , his old , cat-loving neighbour , storming up the road towards the two teenagers .",1.5,1," 7",0.222222222222222,0.111111111111111,0,0,0.222222222222222,0.111111111111111,0.111111111111111,0.222222222222222,0.995,-0.84063,0.55594
" He tries to hide his wand , but she tells him to keep it out in case more of them show up .",0,1," 8",0,0,0,0.5,0,0.25,0,0.25,0.45714,-1.22071,0.47214
" She is furious about Mundungus , who was supposed to be watching Harry and Apparition from the front of  Privet only moments earlier .",-1,1," 9",0.333333333333333,0,0.166666666666667,0.166666666666667,0,0.166666666666667,0.166666666666667,0,0.35625,-0.99687,0.31188
" While angry over the situation , Arabella explains to a surprised Harry she is actually a Squib . The two take a Demented Dudley back to Privet , where Arabella mentions she was sent by Albus to watch over Harry and also kept his visits to her house boring so Marjorie-Petunia-Vernon-Dudley would not send Harry elsewhere if he were happy . After Mundungus shows up , Arabella scolds him for his foolish actions before sending him to inform Albus of this situation so he can act quickly . Just before they part , Harry learns that Albus has been keeping him under observation in order to protect him after what had happened with Tom last month . When Petunia and Vernon notice Dudley in his sickly state they fawn over him and Harry attempts to slip away , but Dudley speaks and assumes that Harry attacked him with some sort of spell since Muggles can not see Dementors . Before Harry can explain himself , the Ministry of Magic sends Harry a letter telling him that he 's been expelled from Hogwarts for underage magic . Before Harry attempts to run away before Ministry officials would come by to destroy his wand , another letter from Arthur arrives telling Harry that Albus is trying to sort this out and to stay put in his house , not surrender his wand , and not to perform any more magic .",-0.728571428571429,7," 10 11 12 13 14 15 16",0.205882352941176,0.117647058823529,0.0588235294117647,0.0882352941176471,0.0882352941176471,0.235294117647059,0.0588235294117647,0.147058823529412,0.55006,-0.97063,0.48057
" As Harry is explaining that Dementor are responsible , Petunia surprisingly shows she has some knowledge of Dementor . A second letter from the Ministry arrives stating that Albus has convinced them to set up a hearing on  August to decide whether or not to break Harry 's wand and Harry is being placed on suspension instead of being expelled . After Harry explains to Marjorie-Petunia-Vernon-Dudley about the Dementor 's abilities , Vernon blames Harry and is ready to throw Harry out , as he has always yearned to do so since receiving Harry , when Petunia receives a Howler . Before she has an opportunity to open the letter , it bursts into flames and a menacing voice says , `` Remember my last , Petunia '' . Petunia then immediately convinces her husband to let Harry remain at Privet and tells Harry that he needs to stay in his room .",0.34,5," 17 18 19 20 21",0.185185185185185,0.259259259259259,0,0.111111111111111,0.0740740740740741,0.148148148148148,0.111111111111111,0.111111111111111,0.84439,-1.07982,0.78825
" Harry has no idea of what 's going on .",0,1," 22",0.5,0,0,0,0,0.5,0,0,1.3525,-0.8825,0.665
" Harry immediately writes letters to Sirius , Hermione , and Ronald . After four days of being locked in his room , while dealing with his anger from the lack of response , uncle Vernon , Petunia , and Dudley leave to attend an award ceremony for the best kept suburban lawn in England -LRB- which was a hoax set up by Nymphadora to lure Marjorie-Petunia-Vernon-Dudley away from Marjorie-Petunia-Vernon-Dudley 's house -RRB- and a number of witches and wizards -LRB- auto denominated the `` Advance '' -RRB- come to rescue Harry from Marjorie-Petunia-Vernon-Dudley 's home .",-0.175,2," 23 24",0.153846153846154,0.153846153846154,0.0384615384615385,0.0384615384615385,0.153846153846154,0.153846153846154,0.230769230769231,0.0769230769230769,0.66621,-1.08758,0.69682
" Marjorie-Petunia-Vernon-Dudley are members of the Order of the Phoenix , an elite group whose members fight Tom and the Death .",-0.75,1," 25",0.181818181818182,0.181818181818182,0.0909090909090909,0.181818181818182,0.0909090909090909,0.0909090909090909,0.0909090909090909,0.0909090909090909,0.0475,-0.63562,0.53687
" Among Marjorie-Petunia-Vernon-Dudley were the real Mad-Eye Moody and Remus , along with some newcomers such as Nymphadora and Kingsley . Remus reveals that Marjorie-Petunia-Vernon-Dudley 's destination is a hidden place that is much safer than the Burrow .",-0.375,2," 26 27",0.166666666666667,0.0833333333333333,0.0833333333333333,0.166666666666667,0.0833333333333333,0.25,0.0833333333333333,0.0833333333333333,0.879,-0.986,0.602
" Remus leaves a note for Marjorie-Petunia-Vernon-Dudley , then the entire group begins a long flight on broomsticks .",0,1," 28",0,1,0,0,0,0,0,0,0.57071,-1.47143,0.33929
" After flying through the cold night , they land at their destination and Moody gives Harry a piece of parchment that mentions their headquarters ,  Grimmauld Place .",-1.15,1," 29",0.2,0.1,0,0.2,0.1,0.3,0.1,0,0.70167,-1.17583,0.51667
" They bring Harry to their headquarters ,  Grimmauld Place -LRB- London -RRB- .",0,1," 30",0.5,0,0,0,0,0.5,0,0,0.49667,-1.05,1.04667
" The Weasley , Hermione , and Harry 's godfather Sirius are there .",0,1," 31",0.5,0,0,0,0,0.5,0,0,1.21,-1.87,0.14
" While the Order of the Phoenix are having a meeting , Mrs takes Harry to the room where Ronald and Hermione are before heading back .",0,1," 32",0.5,0,0,0,0,0.5,0,0,0.51444,-1.43,0.53222
" Harry converses with Hermione and Ronald and learns to his ire that Albus was the reason he had no contact from his friends all summer , though Ronald and Hermione were uncomfortable with this knowing how Harry would feel . They comfort Harry by explaining that they have n't been let in on everything that has been going on either since they are too young and have mostly been working on cleaning up the house as no one has lived there for years .",1.175,2," 33 34",0.272727272727273,0.181818181818182,0,0,0.181818181818182,0.181818181818182,0.0909090909090909,0.0909090909090909,1.16812,-1.21125,0.85187
" Fred and George then appear magically through Apparition , revealing to Harry they passed their test , followed by Ginevra walking into the room and tells the twins it is now pointless for them to spy on the meetings anymore .",-0.75,1," 35",0.2,0,0,0.2,0,0.4,0.2,0,0.21643,-1.06286,-0.09
" The Weasley children reveal that -- besides Severus who has joined the Order -- William and Charles have also joined . Also that William has moved back to England to be closer to Lestrange-Peverell-Riddle-Weasley-Malfoy-Roberts-Potter-Dursley and has been teaching the former Triwizard champion Fleur who has also been working at Gringotts in order to improve her English , while Charles has been given the task of recruiting foreign wizards to their cause .",0.8,2," 36 37",0,0.285714285714286,0,0,0.285714285714286,0,0.142857142857143,0.285714285714286,0.92643,-1.12429,0.64625
" As for Percy , the Weasley children sadly reveal he has deserted Lestrange-Peverell-Riddle-Weasley-Malfoy-Roberts-Potter-Dursley 's after he and Arthur had a fight over Percy 's recent promotion to Cornelius 's Junior Assistant .",-1.6,1," 38",0.25,0,0.125,0.25,0,0.25,0.125,0,0.705,-0.58,0.7265
" Having denied his father 's claims that Fudge is using him , with his unwavering loyalty to the Ministry , Percy has moved away , breaking off contact in the process , even after a depressed Molly tried to straighten things out .",-0.1,1," 39",0.111111111111111,0,0,0.111111111111111,0.111111111111111,0.222222222222222,0,0.444444444444444,0.50079,-1.01132,0.33895
" Harry also learns that the Ministry has been using the Daily Prophet to build on what Rita started and is portraying Harry as some `` attention-seeking liar '' .",-0.3,1," 40",0.125,0.25,0.125,0,0.125,0.125,0,0.25,0.57417,-0.97083,0.51083
" Hermione also reveals there have been no articles on the Dementor attack or Harry 's hearing , since the Ministry is likely waiting until the hearing is over before reporting on the likelihood of Harry being expelled .",-1.35,1," 41",0.285714285714286,0,0,0.285714285714286,0.142857142857143,0.142857142857143,0,0.142857142857143,0.35071,-1.10857,0.28143
" After being called down for dinner , Nymphadora accidentally trips on an umbrella stand , which causes too much noise , and the portrait of a woman responds with strong cursing .",-0.5,1," 42",0.333333333333333,0,0.333333333333333,0,0,0,0.333333333333333,0,0.91917,-1.08667,0.91833
" While helping on closing the curtains , Sirius shows up and reveals the woman in the portrait is his mother . Sirius explains to Harry that Number  , Grimmauld Place is the Black family 's ancestral home and that he inherited it upon his mother 's death . While they are setting up for dinner , Sirius reveals that compared to Harry , he has been confined in the house for a month since he is still a wanted criminal and that Tom and the Death would know he is an Animagus by now due to Wormtail informing them , which makes him almost useless to the Order .",-0.883333333333333,3," 43 44 45",0.181818181818182,0.121212121212121,0.121212121212121,0.121212121212121,0.0606060606060606,0.242424242424242,0.0606060606060606,0.0909090909090909,0.68756,-1.12963,0.66366
" Fred and George almost stab Sirius ' hand when they send a cauldron of stew , an iron flagon of butterbeer and a breadboard with a knife to the table and the knife slips off , which infuriates their parents , as they have been using their magic irresponsibly ever since they came of age .",-2.65,1," 46",0.2,0,0,0.2,0,0.2,0.2,0.2,0.17722,-0.82472,0.15361
" They then have dinner , and numerous conversations go around , with William mentioning to his father and Lupin that the goblins wo n't join their side due to what happened with Ludovic , and Mundungus mentioning his business dealings before Molly asks him to stop .",0.45,1," 47",0,0,0,0,0,0,0,1,0.56118,-1.41,0.44941
" After dinner , Sirius tries to tell Harry about the latest events and about their plans but Molly keeps saying that Harry is too young and that Albus told them not to tell Harry `` more than he needs to know '' . After the two argue about it , Molly reluctantly allows Harry and everyone else but Ginevra to stay and listen .",0,2," 48 49",0.375,0.125,0,0,0.125,0.25,0.125,0,0.89333,-1.08167,0.54556
" Harry learns that Tom is keeping a low profile and is building an army .",0.1,1," 50",0.5,0,0,0,0,0.5,0,0,0.855,-1.52875,0.41125
" Though Harry managed to escape during Tom 's rebirth , allowing Albus to reactivate the Order of the Phoenix , it is difficult for them to convince as many people what has happened because of the Ministry and Cornelius 's position , since Cornelius believes that Albus is after Cornelius 's job ; Cornelius 's fears make it easier for Cornelius to believe that , rather than admit Tom is back , which would end the last fourteen years of peace .",0.9,1," 51",0.0833333333333333,0.25,0,0.166666666666667,0.166666666666667,0.0833333333333333,0,0.25,0.67464,-1.24054,0.53321
" Another reason the Order is having trouble with finding allies is the issue of their credibility .",1.35,1," 52",0,0,0,0,0,0,0,1,0.58333,-1.15444,0.66556
" Sirius is a wanted murderer , Remus is a werewolf , and the members that work for the Ministry would lose their jobs since Cornelius is willing to sack anyone just for disagreeing with Cornelius . Fudge has also been trying to discredit Albus 's reputation to prevent Cornelius from spreading the information and is having the Daily Prophet cover up any news related to this . Sirius attempts to mention that Tom is trying to retrieve a `` weapon ... something Cornelius did n't have last time '' , before Molly and Remus ask Cornelius to stop and they then send the kids off to bed .",-0.366666666666667,3," 53 54 55",0.15,0.15,0.1,0.15,0.05,0.15,0.05,0.2,0.50875,-1.02227,0.48511
" After Harry and Ronald head into their room , Fred and George apparate inside where the four briefly discuss their speculation on what Tom might be seeking before their mother 's footsteps convince the twins they have to get back to their own room .",0.25,1," 56",0.1,0.2,0,0.1,0.1,0.3,0,0.2,0.77214,-1.27786,0.62071
" The next day while helping with the cleaning of the house with Mrs and the other children , Harry talks in secret with Fred and George and learns their joke shop plans are booming thanks to the money he gave them though they have n't got premises yet and their mother remains unaware of it due to the fact she had cancelled their subscription to the Daily Prophet out of disgust .",0.95,1," 57",0.130434782608696,0.173913043478261,0.0869565217391304,0.0869565217391304,0.0869565217391304,0.130434782608696,0.0434782608695652,0.260869565217391,0.95783,-0.7805,0.69183
" While Molly is busy arguing with Mundungus in another room , Harry meets Kreacher , the domestic-elf of the House of Black .",-0.25,1," 58",0.333333333333333,0,0.166666666666667,0.166666666666667,0,0.333333333333333,0,0,0.57429,-0.83571,0.41714
" He is always cursing and muttering bad words , on occasion calling Hermione a mudblood and then insulting Sirius for betraying his mother 's trust after Sirius arrives before Kreacher heads to another room .",-2.5,1," 59",0.25,0.0625,0.1875,0.125,0.0625,0.1875,0,0.125,0.32846,-0.70462,0.47769
" Harry notices an old tapestry , that Sirius sarcastically explains is the family tree of the `` Noble and Most Ancient House of Black '' .",0.55,1," 60",0.2,0.1,0.1,0,0.1,0.2,0.1,0.2,1.2,-1.35182,0.61
" Sirius reveals that he was disowned by Lestrange-Peverell-Riddle-Weasley-Malfoy-Roberts-Potter-Dursley at the age of sixteen and lived with Harry 's father James and his parents before his uncle , who was disowned as well , left Sirius some money to live on his own .",1.4,1," 61",0.222222222222222,0.111111111111111,0,0,0.111111111111111,0.111111111111111,0.222222222222222,0.222222222222222,0.80571,-0.66679,0.23036
" Sirius mentions to Harry that his younger brother Regulus , who was more obedient to their parents ' wishes , had been a Death .",0.7,1," 62",0.222222222222222,0.111111111111111,0.111111111111111,0.111111111111111,0,0.222222222222222,0.111111111111111,0.111111111111111,0.73333,-1.29111,0.24111
" Sirius explains that Lestrange-Peverell-Riddle-Weasley-Malfoy-Roberts-Potter-Dursley was all for the purification of the wizarding race , getting rid of Muggle-borns and having pure-bloods in charge , and while not all of them were Death , Lestrange-Peverell-Riddle-Weasley-Malfoy-Roberts-Potter-Dursley agreed with Tom 's ideals .",1.35,1," 63",0.111111111111111,0.111111111111111,0.111111111111111,0.111111111111111,0,0.111111111111111,0.222222222222222,0.222222222222222,0.50667,-0.92,0.55083
" Sirius mentions that his brother was killed , presumably for attempting to abandon the Death .",-1.6,1," 64",0.111111111111111,0.111111111111111,0.111111111111111,0.222222222222222,0,0.222222222222222,0.111111111111111,0.111111111111111,-0.70929,-0.675,-0.26214
" After Molly calls Lestrange-Peverell-Riddle-Weasley-Malfoy-Roberts-Potter-Dursley down for lunch , Harry stays with Sirius and Sirius explains more about Lestrange-Peverell-Riddle-Weasley-Malfoy-Roberts-Potter-Dursley .",0,1," 65",0.2,0.2,0,0,0,0.2,0.2,0.2,1.0925,-1.5,0.995
" Harry is then surprised to learn that Sirius is related to Draco-Lucius-Narcissa through Lucius 's wife Narcissa .",0.8,1," 66",0.25,0,0,0,0,0.25,0.25,0.25,1.56667,-0.65333,0.77833
" He also learns that Nymphadora ' mother Andromeda is Sirius 's cousin and that she was also disowned .",0,1," 67",0,0.25,0,0,0.25,0.25,0,0.25,0.85667,-1.07833,0.505
" Both she and Narcissa had a sister , Bellatrix , who was sent to Azkaban .",0,1," 68",NA,NA,NA,NA,NA,NA,NA,NA,1.305,-1.44,0.6875
" She is the woman Harry saw in Albus 's Pensieve during Bartemius 's trial .",0,1," 69",0.5,0,0,0,0,0.5,0,0,0.705,-0.955,0.33
" Sirius then mentions his parents ' home is only being used as the Order of the Phoenix 's headquarters due to the protective enchantments his father put on it years ago and the additional security measures that Albus set up , which is why he had to put up with moving back in .",0.75,1," 70",0,0,0,0,0,0,0,1,0.81174,-1.25,0.55261
" After several more days of cleaning , on the night before Harry 's hearing , Molly mentions that Arthur will be escorting him to the Ministry on his way to work . The next day , Harry heads down to breakfast and learns that Amelia Bones will be in charge of his hearing , and Nymphadora assures him that she is fair . Sirius reminds Harry not to lose his temper during the hearing . Harry is nervous over the possibility of being expelled from Hogwarts , but Remus assures Harry that underage wizards are allowed to use magic in life-threatening situations . Arthur then escorts Harry to the Ministry for his disciplinary hearing using the train in the London Underground to get there -LRB- since Harry ca n't Apparate -RRB- .",0.19,5," 71 72 73 74 75",0.241379310344828,0.0689655172413793,0.0689655172413793,0.241379310344828,0.0689655172413793,0.206896551724138,0.0344827586206897,0.0689655172413793,0.59174,-1.01767,0.42674
" After spending time on the lift getting to the Department of Magical Law Enforcement and then putting on an act with Kingsley about Sirius -LRB- due to the need to keep their affiliation secret -RRB- . Shortly after arriving in Mr 's office , Mr 's co-worker , Perkins , runs in announcing that the hearing 's time and location has been changed , and Harry is already late .",0,2," 76 77",0.0833333333333333,0.333333333333333,0,0.0833333333333333,0.0833333333333333,0.166666666666667,0.0833333333333333,0.166666666666667,0.57846,-0.95038,0.42865
" The new location is in old Courtroom Ten in the Ministry 's basement .",0.8,1," 78",0,0,0,0,0.5,0,0,0.5,0.08875,-0.9275,-0.1075
" Since the lift does not descend that far , Harry and Mr race down the stairs the rest of the way after getting off . Just outside the courtroom , Mr stops , telling Harry that he must face the hearing alone .",-0.5,2," 79 80",0.4,0,0,0.2,0,0.4,0,0,0.32214,-1.06036,0.28571
" Harry recognises the courtroom is the same one he saw in Albus 's Pensieve during his last school year .",0,1," 81",0.333333333333333,0,0,0,0,0.333333333333333,0,0.333333333333333,0.60143,-1.3,0.50429
" Cornelius is acting as the head of the Wizengamot , and Harry is also surprised to see Percy acting as scribe , although Percy refuses to look at Harry .",-0.8,1," 82",0.333333333333333,0,0,0,0,0.333333333333333,0.333333333333333,0,0.84222,-0.75111,0.59222
" After Albus arrives , Fudge starts the trial without giving Harry a chance to defend himself .",0.75,1," 83",0.25,0,0,0.25,0,0.25,0.25,0,1.25714,-0.25857,0.67143
" Once Harry gets Dementor Dementor , Cornelius labels his statement a convenient lie , but Albus is able to produce a reliable witness : Arabella , whom Percy brings in . Arabella is able to describe the attack and confirms that Dementor attacked Harry and Dudley .",-0.475,2," 84 85",0.333333333333333,0,0.0833333333333333,0.0833333333333333,0,0.25,0,0.25,0.42353,-0.99765,0.5
" When Cornelius points out the unlikelihood of Dementors in Little Whinging , Dumbledore suggests that someone within the Ministry ordered them there .",0,1," 86",0,0,0,0,0.5,0,0,0.5,0.562,-1.23,0.67
" Fudge however , refuses to accept any of this as evidence and while Albus reminds him that magic can be used in these extraordinary circumstances .",1.2,1," 87",NA,NA,NA,NA,NA,NA,NA,NA,0.755,-0.95455,0.55364
" Fudge dismisses this , given Harry 's past issues , reminding them of the illegal use of a Hover Charm three years ago .",-0.5,1," 88",0.333333333333333,0,0.166666666666667,0.166666666666667,0,0.333333333333333,0,0,0.45917,-0.68583,0.51917
" While this was Dobby 's fault , Fudge refuses Albus 's suggestion to bring Dobby in and also brings up the fact that Harry inflated Dobby 's aunt a year later , even though no charges were pressed .",-1.8,1," 89",0.2,0,0,0,0,0.4,0,0.4,0.48333,-1.25,0.258
" Fudge also tries to bring up Harry 's rule-breaking at Hogwarts , but Albus reminds Cornelius that the Ministry does not have the authority to punish students for what they do at school .",-0.25,1," 90",0.111111111111111,0,0,0.222222222222222,0.111111111111111,0.111111111111111,0,0.444444444444444,0.4125,-0.65583,0.715
" He points out the irregularity of the hastiness for this trial and attempt to destroy Harry 's wand without successfully proving these charges and also the use of the full Wizengamot for a simple case of under-age magic .",0.5,1," 91",0.2,0.2,0,0.2,0,0.4,0,0,0.20192,-0.86346,0.29769
" When the Wizengamot takes a vote , Harry is cleared of all charges with more than half of the Wizengamot raising their hands to clear him , though Cornelius is slightly angry when he casts the verdict . Albus leaves before Harry can thank him . Harry is puzzled by Albus 's actions before Albus leaves the courtroom and tells Mr , who was waiting outside , that Albus had been cleared of all charges . Mr is surprised that Harry was tried before the entire Wizengamot , as they are also leaving the courtroom , with some showing them recognition , while others , like Cornelius and Percy , completely ignore them . Arthur decides to take Harry back to Grimmauld Place before Albus heads out on an assignment .",0.13,5," 92 93 94 95 96",0.35,0.05,0.05,0.05,0.05,0.3,0.1,0.05,0.49913,-0.97446,0.48076
" On their way they see Cornelius meeting with Lucius .",0,1," 97",NA,NA,NA,NA,NA,NA,NA,NA,0.57667,-1.49667,0.43333
" While Harry believes that Cornelius may have been put under the Imperius , Mr states that Albus has doubted this , believing Cornelius is acting of Albus 's own accord .",0.8,1," 98",0.25,0,0,0,0,0.25,0,0.5,0.82083,-1.4775,0.65833
" Back at Grimmauld Place , everybody celebrates Harry 's acquittal .",0.8,1," 99",0.5,0,0,0,0,0.5,0,0,1.1625,-0.5525,0.725
" A few days later , on the last day of the holidays , the children receive Hogwarts and Ronald and Hermione are named prefects .",0,1," 100",NA,NA,NA,NA,NA,NA,NA,NA,1.52667,-1.02111,0.88056
" Molly is so pleased with Ronald 's appointment as a prefect that she agrees to Ronald 's request to get a new broomstick -LRB- though an inexpensive one -RRB- when she goes to Diagon to pick up their new books .",2.55,1," 101",0,0,0,0,1,0,0,0,1.49,-0.922,0.88133
" Harry feels some resentment that Ronald was chosen over him as prefect , given all he has done at Hogwarts over the years .",-0.15,1," 102",0.4,0,0.2,0,0,0.4,0,0,0.85,-1.03444,0.72444
" Later that night , Mrs prepares a dinner party for the new prefects . During the party , Harry feels better when he learns from Sirius that he and Harry 's father James were not made prefects either during their fifth year at Hogwarts , since Remus was selected for that position instead .",1.1,2," 103 104",0.333333333333333,0,0,0,0,0.333333333333333,0,0.333333333333333,1.40235,-0.78912,0.83412
" After the party , Mrs goes upstairs to get rid of the Boggart identified for her earlier .",0,1," 105",NA,NA,NA,NA,NA,NA,NA,NA,0.852,-0.37,0.62
" Moody shows Harry an old photograph of the original Order of the Phoenix and identifies the people in the photograph , though hearing Moody describe the terrible fates of some of the members in the photograph makes Harry feel uncomfortable .",-2.25,1," 106",0.333333333333333,0,0.111111111111111,0.222222222222222,0,0.333333333333333,0,0,0.36658,-0.79026,0.43263
" After going upstairs , Harry finds that the sight of her worst fears -LRB- all her family members and Harry dead -RRB- was too much for Mrs ; she started to cry before Remus gets rid of the Boggart after arriving upstairs with Sirius and Moody . As they help calm her down , Mrs wonders about the future of her loved ones .",-1.375,2," 107 108",0.4,0,0,0,0,0.6,0,0,0.74175,-0.74975,0.4945
" On the day of departure to Platform Nine and Three-Quarters , the group is rushing to get ready as the children will be taken there under guard per Moody 's recommendation .",0.35,1," 109",0.166666666666667,0.166666666666667,0,0.166666666666667,0,0.333333333333333,0,0.166666666666667,0.47562,-0.99469,0.52375
" Mrs is angry with Fred and George for bewitching their trunks instead of trying to carry them downstairs and knocking Ginevra off-balance .",-0.75,1," 110",0.5,0,0.5,0,0,0,0,0,0.08,-0.90667,0.17667
" Harry is assigned to go with Molly and Nymphadora .",0,1," 111",0.5,0,0,0,0,0.5,0,0,0.75,-1,0.52333
" Sirius accompanies them in his Animagus form .",0,1," 112",NA,NA,NA,NA,NA,NA,NA,NA,0.555,-1.15,1.05
" After the Hogwarts departs , with Ronald and Hermione having to go to the prefects ' carriage , Harry shares a compartment with Ginevra , Neville , and a girl from Ginevra 's year named Luna , who is a Ravenclaw student . Later Ronald and Hermione show up and tell them who the new prefects are for the other houses , including Draco and Pansy for Slytherin . Luna is reading a tabloid magazine called The Quibbler , of which , she tells them , her father is the editor , after Hermione makes an insensitive comment towards the magazine . Draco and his cronies then show up briefly and Draco makes fun of the fact that Ronald was chosen over Harry for the position of prefect and his comment `` dogging around '' causes Harry to worry that Draco might know now that Sirius is an Animagus .",0.425,4," 113 114 115 116",0.153846153846154,0.153846153846154,0,0.0769230769230769,0.0769230769230769,0.230769230769231,0,0.307692307692308,0.94531,-1.11312,0.64812
" After arriving at Hogsmeade station Harry notices that instead of Rubeus , Professor Grubbly-Plank , who previously substituted for Rubeus during their last school year , is there to direct the first years to their boats .",0.4,1," 117",0.25,0,0,0,0,0.25,0,0.5,0.98577,-1.12731,0.69577
" When boarding their carriage Harry notices that the carriages are being pulled by some sort of winged horses .",0,1," 118",0.5,0,0,0,0,0.5,0,0,0.92389,-1.57833,0.60833
" He points them out to Ronald and Hermione , but they can not see them , and act worried when he insists that they are right there . Luna says that she can see them , and in fact could see them ever since she first came to Hogwarts . Harry is mystified , since he could n't see them when he first came , but he can see them now .",0.0166666666666667,3," 119 120 121",0.25,0,0,0,0,0.5,0,0.25,0.88227,-0.93295,0.87682
" The group arrives at the school , but not before Harry wonders about the winged horses , as well as Rubeus 's whereabouts . Ronald gets into an argument with Luna over Rubeus 's disappearance .",0,2," 122 123",0.5,0,0,0,0,0.25,0,0.25,0.33,-0.6715,0.6325
" At the Start-of-Term Feast , the Sorting Hat gives a warning in its new song .",0.3,1," 124",0,0.5,0,0.5,0,0,0,0,2.252,-0.51,1.062
" After their meal , the students are surprised to hear that Dolores , Senior Undersecretary to the Minister -LRB- who had been present at Harry 's hearing -RRB- is the new Defence Against the Dark Arts teacher -LRB- besides the announcement that Grubbly-Plank is once again taking over Rubeus 's teaching duties -RRB- .",0.7,1," 125",0.0909090909090909,0.181818181818182,0,0.0909090909090909,0.0909090909090909,0.181818181818182,0.181818181818182,0.181818181818182,1.1225,-0.968,0.561
" Dolores rudely interrupts Albus 's start-of-term notices and gives a speech which easily dulls the audience and Hermione realises through the hidden messages within the speech that the Ministry intends to meddle at Hogwarts .",-1.1,1," 126",0.2,0.4,0,0,0.2,0,0,0.2,0.30273,-1.13727,0.47364
" After the feast , Harry goes to Gryffindor with Neville -LRB- who knew the new password -RRB- and when he goes to his dormitory , learns that not everyone believes that Tom is back .",0.8,1," 127",0.5,0,0,0,0,0.5,0,0,1.37364,-0.84364,0.76455
" He argues with Seamus and insults Seamus 's mother for believing in the Daily Prophet , before Ronald arrives and breaks it up . Afterwards , Dean reveals his mother does n't get the Prophet since she 's a Muggle , while Neville reveals that he and his grandmother cancelled their subscription since they support Harry and Albus .",0.7,2," 128 129",0.0625,0.3125,0,0,0.125,0.1875,0,0.3125,0.65289,-0.89289,0.67579
" Before going to sleep , Harry wonders how many fights he will have to have before people realise that Tom is truly back .",0,1," 130",0.5,0,0,0,0,0.5,0,0,0.744,-1.11,0.592
" The next morning the trio meet in the common room and , after taking down one of Fred and George 's advertising posters , Hermione learns of the argument with Seamus and reveals that she was having the same problem with Lavender about whether Harry was telling the truth about Tom 's return .",-0.55,1," 131",0.333333333333333,0,0,0.166666666666667,0,0.333333333333333,0,0.166666666666667,0.652,-1.2735,0.699
" That morning at breakfast , Harry learns from Angelina that she has replaced Oliver as the captain for their Quidditch team and will be holding tryouts on Friday to recruit a new player to fill Oliver 's old position as Keeper .",1.3,1," 132",0.25,0,0,0,0,0.25,0,0.5,0.79833,-0.86583,0.79889
" Harry reveals that he has cancelled his subscription to the Daily Prophet out of disgust.The trio then meet with Fred and George and Hermione insists they can not advertise to test their joke products on students .",-0.6,1," 133",0.222222222222222,0.222222222222222,0.111111111111111,0.111111111111111,0,0.222222222222222,0,0.111111111111111,0.50833,-1.068,0.65733
" The twins bring up the fact that this year is important for the three of them since they will be taking their O.W.L.s. . When the twins reveal they were n't sure if they wanted to attend their seventh year for their N.E.W.T.s , George almost lets it slip on why they do n't need to take them , though they and Harry cover this up as the twins leave .",0.125,2," 134 135",0.125,0,0,0,0,0.25,0.25,0.375,0.676,-1.1676,0.5264
" Ronald then remembers that besides their O.W.L.s , they will also have Career Advice sessions to help determine what classes they 'll need to take next year for their N.E.W.T.s on what career they 'll pursue .",0,1," 136",0,0.5,0,0,0,0,0,0.5,0.77643,-1.15429,0.93286
" After going through most of their classes and getting a lot of homework , as well as Harry briefly meeting up with Cho , they head to their first Defence Against the Dark Arts lesson .",0.6,1," 137",0.166666666666667,0.166666666666667,0,0.166666666666667,0,0.333333333333333,0,0.166666666666667,0.824,-0.687,0.663
" There they discover that Dolores refuses to teach real defence methods and that they will not be performing any spells , only learning Ministry-approved theory -LRB- learning in a `` risk-free way '' -RRB- .",1.45,1," 138",0,0.2,0,0.1,0.2,0,0.1,0.4,1.04333,-0.87917,0.9325
" When various students start raising questions regarding this , Dolores immediately contradicts them and also criticises the teachings of their previous two teachers , including identifying Remus as a `` dangerous half-breed '' .",0.35,1," 139",0,0.666666666666667,0,0.333333333333333,0,0,0,0,0.71769,-0.91308,0.41077
" Harry disagrees with Dolores about Tom , costing Gryffindor house points and getting him a detention . Harry then has an outburst after she rebuts his attempts to convince her that this is not a lie and sends Harry to Minerva 's office with a note . Upon learning what happened , Minerva urges Harry to keep his temper under control because he could end up in even worse trouble due to Dolores 's position .",-0.816666666666667,3," 140 141 142",0.263157894736842,0.0526315789473684,0.0526315789473684,0.105263157894737,0.0526315789473684,0.368421052631579,0.0526315789473684,0.0526315789473684,-0.01096,-0.75808,0.20942
" Minerva then reveals the note Dolores sent to her states that Dolores has assigned him detention for a week .",-0.5,1," 143",0,0,0,0,0,1,0,0,0.33875,-1.335,0.53875
" Word quickly spreads amongst the students about Harry 's behaviour in Dolores 's class that night at dinner , creating more snide remarks .",-0.4,1," 144",0.333333333333333,0,0,0,0,0.333333333333333,0,0.333333333333333,0.86667,-0.82222,0.93111
" After they leave the Great , Hermione explains to an irritated Harry that despite Albus 's speech at the end of the last school term about Tom 's return , the Ministry 's interference over the last two months prevented the truth from sinking in .",0.5,1," 145",0.125,0,0,0,0.125,0.25,0.125,0.375,0.70941,-1.15706,0.60235
" When they return to their common room , the trio talk about Dolores and her class .",0.4,1," 146",NA,NA,NA,NA,NA,NA,NA,NA,0.92333,-1.63333,0.55833
" Hermione points out Dolores was obviously sent by Fudge as a spy .",0,1," 147",NA,NA,NA,NA,NA,NA,NA,NA,1.022,-0.926,0.482
" When the other students return from dinner , Hermione catches Fred and George once again testing their joke products on first year students . Though Fred and George mean no harm , as they tested their products on themselves first , Hermione threatens to write to their mother if they continue to test them on first years .",0.175,2," 148 149",0,0.285714285714286,0,0.142857142857143,0.142857142857143,0.142857142857143,0,0.285714285714286,0.67174,-0.74652,0.55522
" Hermione then goes to bed and also mentions the woolly hats she brought are for the house-elves , confirming she is still doing her S.P.E.W. work .",0.25,1," 150",NA,NA,NA,NA,NA,NA,NA,NA,0.882,-1.408,0.935
" The next day , teachers brief their fifth year students about their upcoming Ordinary Wizarding Level exams and give them a lot of homework .",0.8,1," 151",0,0,0,0.5,0,0,0,0.5,0.87909,-1.22636,0.57727
" Rubeus is still missing , and his class is taken over by Professor Grubbly-Plank .",-0.1,1," 152",0,0,0,0.333333333333333,0,0.333333333333333,0,0.333333333333333,0.455,-1.07333,0.105
" During Care of Magical Creatures , Harry has difficulty keeping his temper under control when he hears Draco make some rude comments about Rubeus , including that it is likely that Rubeus will be sacked even if he did return to Hogwarts based on what his father told him .",0.85,1," 153",0.222222222222222,0.111111111111111,0,0.111111111111111,0.111111111111111,0.222222222222222,0.111111111111111,0.111111111111111,0.64875,-1.12813,0.5375
" Once he returns to Hogwarts , Angelina mentions to Harry that she is unhappy that Harry 's detention on Friday will prevent from attending the tryouts for their Quidditch team , as she wanted the whole team to be there . Due to Harry 's telling the truth about Tom 's return in Dolores 's first Defence Against the Dark Arts lesson , she gives him detention every day for a week . Dolores refuses Harry 's suggestion to modify the punishment so he could attend Quidditch tryouts on Friday , believing it is the most effective punishment to make him miss out on something he likes .",-0.133333333333333,3," 154 155 156",0.217391304347826,0.0434782608695652,0.0869565217391304,0.0869565217391304,0,0.304347826086957,0.0434782608695652,0.217391304347826,0.4759,-1.04282,0.64641
" She makes him write out `` I must not tell lies '' many times in his own blood , though Harry makes sure to keep his temper under control to avoid another outburst in front of Dolores .",-2.4,1," 157",0.25,0,0,0.25,0.125,0.25,0.125,0,0.00107,-0.69536,0.22857
" With Dolores 's detentions and his busy schedule , Harry has difficulty with keeping up on his homework . Ronald is busy with something , causing him to also fall behind in his homework .",-0.375,2," 158 159",0.25,0,0,0.375,0,0.375,0,0,-0.3825,-0.9375,0.07667
" He later mentions to Harry that he wants to try out for the Quidditch team now that he has a decent broom .",0.5,1," 160",0.333333333333333,0,0,0,0,0.333333333333333,0,0.333333333333333,0.79571,-1.24,0.91571
" Ronald becomes concerned when he learns about Harry 's detentions , but Harry refuses to go to Minerva or Albus , knowing there is nothing they can do . After Harry 's final detention on Friday , he learns that Ronald was chosen as their team 's new Keeper .",0.05,2," 161 162",0.25,0,0,0.125,0,0.5,0,0.125,0.60694,-0.97389,0.50167
" Angelina also apologises for the cold way she criticised Harry earlier , due to the pressure of having to lead their Quidditch team .",-0.75,1," 163",0.333333333333333,0,0,0,0,0.333333333333333,0,0.333333333333333,0.07714,-1.29357,0.01357
" He then meets with Hermione who is exhausted after making more hats for the house-elves .",-0.75,1," 164",0,0,0,0,0,1,0,0,0.61,-1.41,0.636
" When Harry mentions his scar recently hurting again , he refuses her advice to see Albus .",-2.3,1," 165",0.3,0,0.1,0.2,0,0.3,0,0.1,-0.49667,-0.80167,-0.085
" Harry decides to immediately write to Sirius , but Hermione talks him out of it by pointing out the chances his letter could be intercepted . On Saturday morning , despite Hermione 's warning , Harry decides to write a letter to Sirius . Harry writes about his detention and asks about Rubeus 's whereabouts , though he carefully codes the words and phrases in case the letter is intercepted .",-0.166666666666667,3," 166 167 168",0.266666666666667,0.266666666666667,0,0.133333333333333,0,0.333333333333333,0,0,0.6337,-1.33935,0.59587
" After sending Hedwig with the letter , Harry notices the same mysterious winged horses he saw before outside . Cho arrives and praises Harry for standing up to Dolores in her class , before Argus arrives . He claims that he heard from a source that Harry was sending an order for Dungbombs , but Harry states that he already sent his letter , which Cho confirms .",0.2,3," 169 170 171",0.272727272727273,0.272727272727273,0,0.0909090909090909,0,0.272727272727273,0.0909090909090909,0,0.99273,-1.10682,0.95136
" After Harry arrives at breakfast , Hermione reads through the Daily Prophet .",1.2,1," 172",0.2,0.4,0,0,0,0.2,0,0.2,1.318,-0.81,0.968
" She discovers that the Ministry has received a tip that Sirius is hiding in London . Harry worries that Lucius may be the source , as he may have recognised Sirius in his Animagus form at King 's Cross Station .",0.1,2," 173 174",0.25,0,0,0.25,0.125,0.25,0,0.125,0.71676,-1.09441,0.49588
" Harry also notices an article saying that Sturgis , secretly a member of the Order of the Phoenix , has been arrested for breaking into a top secret room at the Ministry .",-1.1,1," 175",0.142857142857143,0.142857142857143,0,0,0.142857142857143,0.142857142857143,0,0.428571428571429,0.35423,-0.98654,0.47462
" This causes some concern , as Harry recalls that Podmore did not show up for guard duty on the day they left for Platform Nine and Three-Quarters .",-0.85,1," 176",0.2,0,0,0.2,0,0.2,0,0.4,0.33091,-1.01364,0.40273
" Harry then helps Ronald practise before their actual Quidditch training session begins . During the training session , Draco and his gang are there to insult the members of the Gryffindor team , and a nervous Ronald is n't able to play at his best .",-0.425,2," 177 178",0.25,0.166666666666667,0.0833333333333333,0.166666666666667,0,0.166666666666667,0.0833333333333333,0.0833333333333333,0.46656,-1.05094,0.7075
" When an accident Ronald caused injures Katie 's nose , which Fred unintentionally makes worse , Katie has to be taken to the Hospital Wing .",-1.65,1," 179",0,0,0.1,0.3,0,0.3,0.2,0.1,-0.045,-0.806,-0.03
" The remainder of the training session is then called off .",0,1," 180",NA,NA,NA,NA,NA,NA,NA,NA,0.656,-1.324,0.57
" After he and Harry spend the next day trying to catch up on homework , on Sunday evening , Ronald receives a letter from Percy .",0,1," 181",0.2,0.2,0,0.2,0,0.2,0.2,0,0.81375,-1.07563,0.71812
" His brother congratulates him on becoming a prefect and urges him to stop associating with Harry , whom he feels is a bad influence , as well as believing that Lestrange-Peverell-Riddle-Weasley-Malfoy-Roberts-Potter-Dursley would one day realise Lestrange-Peverell-Riddle-Weasley-Malfoy-Roberts-Potter-Dursley 's mistake for believing Albus and apologise to him .",0.1,1," 182",0.2,0,0.1,0.1,0,0.3,0.1,0.2,0.69941,-1.00706,0.56118
" He also mentions an important article is being released in the Daily Prophet tomorrow .",1.35,1," 183",0,0.6,0,0,0,0,0,0.4,0.99375,-1.31,0.60375
" Ronald finds the letter extremely offensive , tears it up and throws it into the fire . After reading the letter , Harry thought he had never felt more like his godfather Sirius , whom the wizarding world at large still considered a mass murderer .",-0.975,2," 184 185",0.25,0.25,0.166666666666667,0.166666666666667,0,0.166666666666667,0,0,0.48833,-0.79583,0.45139
" Hermione then agrees to help Harry and Ronald catch up on their homework . After midnight , they and Crookshanks are the only ones left in the Common Room .",0.25,2," 186 187",0.25,0,0,0.25,0,0.25,0.25,0,0.775,-1.3,0.851
" Sirius contacts them through the Floo , as he wishes to respond to Harry 's letter this way in case his response was intercepted and the code was broken .",0.05,1," 188",0.25,0.125,0,0.25,0,0.375,0,0,0.57583,-1.475,0.44542
" After talking about Harry 's scar , Sirius mentions that while Dolores is no Death Eater , she possesses a strong racial hatred for half-breeds .",-1.25,1," 189",0.25,0.0625,0.1875,0.1875,0,0.25,0.0625,0,-0.373,-0.587,0.079
" Sirius reveals she is the reason why Remus can not find a job due to anti-werewolf legislation she proposed in the Ministry .",0.6,1," 190",0,0,0,0,0.5,0,0,0.5,0.5595,-1.142,0.216
" Once the trio mentions Dolores 's classes only allow defensive theory and textbook reading , Sirius explains based on their information , Fudge does not want them trained in combat .",-0.25,1," 191",0.25,0.25,0,0.25,0,0,0,0.25,0.61667,-1.10333,0.446
" Fudge believes Albus intends to use the Defence Against the Dark Arts class to raise the students as an army to take on the Ministry , and wants to prevent this possibility with the new curriculum . Sirius knows that with Fudge 's growing paranoia , it is only a matter of time before he finds an excuse to arrest Albus .",-0.75,2," 192 193",0,0.285714285714286,0,0.285714285714286,0.142857142857143,0.142857142857143,0,0.142857142857143,0.80611,-0.73556,0.36963
" Sirius then asks Harry not to worry about Rubeus . Sirius reveals while Olympe mentioned in her message they got separated on the way home , he knows Rubeus 's tough and asks Harry not to raise too many questions about Rubeus or they will attract the Ministry 's attention .",0.275,2," 194 195",0.2,0.1,0,0.1,0.1,0.4,0,0.1,0.76194,-1.1075,0.69333
" When Sirius suggests about meeting them in disguise at their next Hogsmeade trip , Harry advises him not to given the Daily Prophet article and that Draco might recognise him if Sirius were to show up .",0.35,1," 196",0.142857142857143,0.285714285714286,0,0,0,0.142857142857143,0.142857142857143,0.285714285714286,0.95,-1.05636,0.61818
" Sirius then leaves , but mentions he will send a letter when he feels it is safe to communicate by the Floo again .",1.35,1," 197",0,0.25,0,0,0.25,0,0,0.5,0.93444,-1.55278,1.00611
" It becomes clear Dolores is really there to spy on and take control of the school , and is soon appointed High Inquisitor , arbitrarily imposing rules and regulations -LRB- known as `` Educational Decrees '' -RRB- .",0.8,1," 198",0,0,0,0,0,0,0,1,0.3325,-0.91781,0.21375
" She also harbours racial hatred for `` half-breeds '' , such as centaurs , werewolves and similar creatures .",-0.5,1," 199",0.25,0,0.25,0.25,0,0.25,0,0,-0.64,-0.506,-0.388
" Umbridge starts to observe the professors in class , where she apparently intends to evaluate all teachers .",0,1," 200",NA,NA,NA,NA,NA,NA,NA,NA,0.91143,-1.08429,0.63286
" Hermione convinces Harry to secretly teach students Defence Against the Dark Arts .",0.4,1," 201",0.166666666666667,0,0,0,0.166666666666667,0.333333333333333,0.166666666666667,0.166666666666667,1.17,-0.864,0.928
" Though at first reluctant , Harry finally accepts .",0.7,1," 202",0.125,0.125,0.125,0.125,0.125,0.125,0.125,0.125,0.82667,-1.23333,0.82667
" They hold a meeting at the Hog 's Head to discuss with other students the possibility of Harry giving them Defence lessons . Harry is stunned at how many there are : Neville , Dean , Lavender , Parvati and Padma , Cho and her friend whom Harry did not recognise , Luna , Katie , Alicia , Angelina , Colin and Dennis , Ernest , Justin Finch-Fletchley , Hannah , Susan , Anthony , Michael Corner , Terry , Ginevra , a Hufflepuff team member -LRB- later identified as Zacharias -RRB- , Fred and George , and Lee .",0.15,2," 203 204",0.181818181818182,0.0909090909090909,0.0909090909090909,0.0909090909090909,0.0909090909090909,0.181818181818182,0.0909090909090909,0.181818181818182,0.93263,-1.17632,0.94842
" Harry has only agreed to teach defensive magic .",0.65,1," 205",0.166666666666667,0,0,0,0.166666666666667,0.166666666666667,0.166666666666667,0.333333333333333,1.382,-0.812,0.57
" At the end of the meeting Hermione has everyone sign a piece of parchment , which is an agreement to keep the group secret .",0.5,1," 206",0,0,0,0,0,0,0,1,0.52636,-1.39955,0.41136
" After hearing about the defensive magic organisation , Dolores used her power as Hogwarts to pass this Educational Decree , which immediately disbands all existing clubs , teams , societies and groups and forbids further groups -LRB- defined as ` the regular meeting of three or more students ' -RRB- without the High Inquisitor 's consent .",1.35,1," 207",0,0.333333333333333,0,0.333333333333333,0,0,0,0.333333333333333,0.50375,-0.82896,0.48583
" Any student found to be in noncompliance of the Decree was to be expelled immediately .",-0.8,1," 208",0.142857142857143,0.285714285714286,0,0.142857142857143,0.142857142857143,0.142857142857143,0,0.142857142857143,0.78286,-1.25714,0.46143
" Harry worries that someone from the Hog 's Head group might have betrayed them , but Hermione informs him that Hermione enchanted the parchment they all signed to inform Hermione 's if someone did . Harry also learns from Angelina that Gryffindor-Slytherin-Ravenclaw-Irish-Bulgarian have also been disbanded under the new decree -LRB- although Dolores unsurprisingly immediately gives the Slytherin team permission to reform -RRB- and asks Harry to promise Hermione not to provoke Dolores again out of fear Hermione might not reinstate the Gryffindor team . Despite the prohibition , they name their clandestine group `` Albus 's Army '' , or the D.A. for short , to mock the Ministry of Magic , which fears Albus is creating a secret wizard army .",-0.416666666666667,3," 209 210 211",0.157894736842105,0.105263157894737,0.0526315789473684,0.0526315789473684,0.157894736842105,0.105263157894737,0.0526315789473684,0.315789473684211,0.33302,-0.79395,0.28372
" Harry assured all the  members that the meetings would go ahead once an ideal location was found .",3.2,1," 212",0.2,0,0,0,0.2,0.2,0,0.4,1.01,-1.19333,1.04556
" They would just need to be careful .",0.25,1," 213",NA,NA,NA,NA,NA,NA,NA,NA,0.965,-1.535,0.5825
" Soon , Harry was told about the Room of Requirement by the house-elf Dobby .",0,1," 214",0.4,0,0.2,0.2,0,0.2,0,0,0.5375,-1.5375,0.0425
" For the safety of the group , Hermione bewitched some coins with a Protean Charm , one for each member of the D.A. .",1.55,1," 215",NA,NA,NA,NA,NA,NA,NA,NA,1.40167,-1.47083,1.10083
" When activated by Harry , the numbers on each coin would change to inform the bearer of the time and date of the next meeting .",0,1," 216",0.2,0.2,0,0.2,0,0.2,0,0.2,0.6455,-1.236,0.829
" In the D.A. meetings , Harry started them off slowly , practising the Disarming Charm .",-0.1,1," 217",0.5,0,0,0,0,0.5,0,0,0.67,-0.8175,0.835
" The class progressed at a fair rate , practising the Impediment Jinx , the Reductor , and the Stunning Spell .",0.7,1," 218",NA,NA,NA,NA,NA,NA,NA,NA,0.705,-0.48,0.5025
" The Gryffindor team began their season with a victory against Slytherin , despite the fact that Ronald was very nervous and did n't play well .",0.8,1," 219",0,0.285714285714286,0,0.142857142857143,0.142857142857143,0,0,0.428571428571429,1.17278,-1.09833,0.94667
" Slytherin-Salazar composed a song mocking Salazar 's performance .",0.45,1," 220",0.333333333333333,0,0.333333333333333,0,0,0.333333333333333,0,0,0.81,-0.2475,1.2175
" Shortly after the match , Draco insulted and provoked Fred and George and Harry .",-1.1,1," 221",0.333333333333333,0.333333333333333,0,0,0,0.333333333333333,0,0,-1.04167,0.015,0.03833
" Harry and George attacked him , but all three had their broomsticks confiscated and were given lifetime bans by Dolores .",-1,1," 222",0.5,0,0,0,0,0.5,0,0,0.16333,-0.48111,0.16333
" They were replaced by Andrew , Jack , and Ginevra , respectively .",0,1," 223",NA,NA,NA,NA,NA,NA,NA,NA,0.87,-1.58,0.555
" That night , they discover that Rubeus had returned home . Rubeus returned from his mission for Albus badly injured . Harry , Ronald and Hermione visit him and Rubeus tells them about his unlucky negotiations with the giants . They learn that the Death Eaters were also trying to recruit them , and he was unsuccessful in trying to convince the giants to help the Order .",-0.3875,4," 224 225 226 227",0.166666666666667,0.111111111111111,0.111111111111111,0.166666666666667,0,0.333333333333333,0.0555555555555556,0.0555555555555556,0.59792,-0.78333,0.70375
" Hagrid resumes his teaching post , beginning with a lesson about Thestral , the mysterious winged horses only Harry could see .",0,1," 228",0.142857142857143,0.285714285714286,0,0.142857142857143,0,0.142857142857143,0.142857142857143,0.142857142857143,0.77438,-1.08062,0.74375
" Harry learns that only people who have witnessed death are able to see them .",-0.75,1," 229",0.25,0.125,0.125,0.125,0,0.25,0.125,0,0.625,-1,0.45625
" Hagrid returns to his class and he is observed by Dolores while teaching about Thestral .",0,1," 230",NA,NA,NA,NA,NA,NA,NA,NA,1.044,-1.226,0.63
" Harry is expelled from Quidditch by Dolores and Ginevra replaces him as Gryffindor 's Seeker .",-0.6,1," 231",0.5,0,0,0,0,0.5,0,0,0.455,-0.9925,0.2825
" Harry has disturbing dreams about running down a hallway and attempting to open a door in the Ministry of Magic 's Department of Mysteries , but being unable to do so .",-0.5,1," 232",0.2,0,0,0,0.2,0.4,0,0.2,0.46429,-0.93464,0.30964
" Then one night he dreams that he is a snake attacking Ronald 's father .",-0.5,1," 233",0.125,0,0.25,0.25,0,0.125,0.125,0.125,0.61286,-0.42714,-0.15571
" He awakens in a panic and tells others , who indeed find Mr at the Ministry , suffering from severe venomous snake bites .",-3.3,1," 234",0.0909090909090909,0,0.272727272727273,0.363636363636364,0.0909090909090909,0.0909090909090909,0,0.0909090909090909,-0.75364,0.00636,-0.22955
" Critically injured , Arthur was taken to St Mungo 's .",-0.75,1," 235",0,0,0,0.5,0,0.5,0,0,-0.08667,-0.38333,-0.15
" He survived the attack , but was required to take a Blood-Replenishing Potion at regular intervals .",-0.35,1," 236",0.5,0,0,0.5,0,0,0,0,0.17875,-0.4925,0.265
" He shared the ward with a man who had been bitten by a werewolf and a woman with a massive chunk out of her leg who refused to tell the Healers what had bitten her , arousing suspicions she had been handling something illegal .",-1.45,1," 237",0.2,0,0.2,0.2,0,0.4,0,0,0.0719,-0.72095,0.50262
" Hermione joins Harry and the Weasley at Grimmauld Place for Christmas , and Percy sends back his Weasley jumper , which makes his mother very sad .",-0.5,1," 238",0.166666666666667,0.166666666666667,0,0,0.166666666666667,0.333333333333333,0,0.166666666666667,0.69667,-1.11222,0.54889
" Hermione , Ronald and Ginevra discover that Neville 's parents are insane and living at St Mungo 's Hospital for Magical Maladies and Injuries .",0,1," 239",0.125,0.125,0,0.25,0.125,0.125,0.125,0.125,0.07125,-0.075,-0.22125
" They also see their former Defence Against the Dark Arts professor Gilderoy .",-0.2,1," 240",0,0,0,0,0,0.5,0,0.5,0.98,-0.92,0.2675
" Harry finally says that he knew what happened to Neville 's parents . After the holidays , Harry and the Weasley return to Hogwarts . Harry fears he is being possessed by Tom . In response , Albus has Severus teach Harry to block his mind from intrusion .",-0.4875,4," 241 242 243 244",0.25,0.05,0.1,0.1,0.1,0.2,0.1,0.1,0.71687,-0.9275,0.48625
" During the class Harry sees the dark corridor in the Department of Mysteries that he often dreams about .",-0.35,1," 245",0.333333333333333,0,0,0,0,0.666666666666667,0,0,0.76667,-1.19667,0.23833
" Due to the high number of students who are sceptical of Tom 's return , Hermione blackmails journalist -LRB- and unregistered Animagus -RRB- Rita into writing a favourable article about Harry witnessing Tom 's return .",-0.25,1," 246",0.333333333333333,0,0,0,0,0.333333333333333,0,0.333333333333333,0.535,-1.12333,0.40417
" Luna arranges with her father to publish the story in his paper , The Quibbler .",0,1," 247",0,0,0,0,0,0,0,1,1.126,-1.408,0.862
" Furious , Dolores bans the tabloid from the school and strips Harry of his Hogsmeade visitation rights , but the story spreads rapidly , gathering support for Harry . Many in the wizarding community also now begin to believe Harry .",-0.075,2," 248 249",0.428571428571429,0,0.142857142857143,0,0,0.285714285714286,0,0.142857142857143,0.48346,-0.91577,0.72923
" Dolores considers Rubeus -LRB- a half-giant -RRB- and Sybill incompetent , and sacks Trelawney .",-0.75,1," 250",0.333333333333333,0,0,0.333333333333333,0,0.333333333333333,0,0,-0.18667,-1.18333,-0.37667
" Although Dumbledore is unable to prevent Trelawney 's dismissal , he invokes his authority to allow her to remain in the castle and appoints a new Divination teacher - a centaur , Firenze , much to Dolores 's disgust , due to her hatred for half-breeds . When Dolores learns of the meetings of the DA through Cho 's friend Marietta , Albus claims that he organised it . Confronted by two Aurors John Dawlish and Kingsley -LRB- who was not loyal to the Ministry , but to Albus -RRB- , Cornelius , and Dolores , Albus easily disables them and is spectacularly whisked away by his phoenix , Fawkes . Dolores is appointed Headmistress and imposes even tighter control . Fed up , the Weasley twins instigate a revolt , causing mayhem throughout the school while the staff pointedly do nothing to help Dolores regain control .",-0.16,5," 251 252 253 254 255",0.133333333333333,0.0333333333333333,0.133333333333333,0.166666666666667,0.1,0.133333333333333,0.1,0.2,0.2919,-0.75929,0.37655
" During one of the Occlumency lessons Harry uncovered the source behind Severus 's hatred for Severus 's father , when Severus went into Albus 's Pensieve -LRB- borrowed by Snape -RRB- and saw both Severus 's memories of being bullied by James and the breaking up of Severus and Severus 's mother 's friendship .",-1.1,1," 256",0.153846153846154,0.0769230769230769,0.0769230769230769,0.0769230769230769,0.153846153846154,0.230769230769231,0,0.230769230769231,0.59433,-0.67533,0.56267
" Snape ended the lesson abruptly after this .",0.15,1," 257",0,0.5,0,0,0,0,0,0.5,0.025,-1.065,0.645
" Harry and the other fifth years are getting ready to begin the sessions on the advice of what they 'll need to do to prepare for the careers they 'll pursue after graduation .",1.65,1," 258",0.1,0.3,0,0.1,0.1,0.1,0.1,0.2,0.8225,-1.20179,0.88071
" Before that , Harry wishes to learn more about what happened at Hogwarts during his father 's time and decides to contact Sirius and Remus at Grimmauld Place to talk about their treatment of Severus .",2.15,1," 259",0.25,0.25,0,0,0,0.25,0,0.25,1.2075,-1.361,0.902
" After going through an interrogation with Dolores regarding Albus and Sirius 's whereabouts , Harry learns the Floo connection in her fireplace is not being monitored like the others are by the Ministry . Under Fred and George 's advice , Harry decides to sneak into Dolores 's office and use her fireplace while they 'll distract her .",-0.375,2," 260 261",0.272727272727273,0,0,0.181818181818182,0.0909090909090909,0.181818181818182,0.0909090909090909,0.181818181818182,0.49238,-0.93095,0.55476
" Harry is able to talk with Lupin and Sirius a bit before he has to pull back due to the twins being caught .",0.4,1," 262",0.5,0,0,0,0,0.5,0,0,0.75364,-1.36182,0.39636
" This marks the end of Fred and George 's magical education , who now opt to move into their magical tricks and joke shop in Diagon , Weasley ' Wizard Wheezes and fly away from Hogwarts .",1.75,1," 263",0,0.4,0,0,0.2,0,0.4,0,1.23273,-0.25455,0.27727
" During Harry 's career advice session with Minerva , he tells her that he wants to be an Auror .",0,1," 264",0.25,0.25,0,0,0,0.25,0,0.25,0.74,-1.125,0.50667
" Suddenly they are rudely interrupted by the headmistress , Dolores ; she remarks against Harry 's ambition of being an Auror .",-0.15,1," 265",0.142857142857143,0.142857142857143,0,0,0.142857142857143,0.285714285714286,0.142857142857143,0.142857142857143,0.59,-1.184,0.518
" The meeting ends up with Minerva supporting Harry , and having a screaming argument with Dolores .",-0.55,1," 266",0.428571428571429,0,0.142857142857143,0.142857142857143,0,0.142857142857143,0,0.142857142857143,-0.43,-0.615,0.32667
" Fred and George 's departure from Hogwarts triggers a revolt among the students .",-0.75,1," 267",0.333333333333333,0,0,0,0,0.333333333333333,0.333333333333333,0,-0.36375,-0.28,0.4025
" During this , Harry finally reveals that he gave them his Triwizard winnings , which is how they got the money to buy everything they need . As Ronald is playing in Gryffindor 's championship Quidditch match , Harry and Hermione are whisked away by Rubeus to introduce his half-brother Grawp . Reasoning that it is only a matter of time before he is driven out of Hogwarts by Dolores now that Albus is gone , Rubeus wants them to take care of Grawp in his stead once this happens . When the centaurs show up , Harry and Hermione learn that Firenze becoming the Divination teacher and Grawp 's presence in the Forbidden have angered them .",0.8625,4," 268 269 270 271",0.173913043478261,0.217391304347826,0.0434782608695652,0,0.130434782608696,0.130434782608696,0.0869565217391304,0.217391304347826,1.18171,-0.825,0.84871
" The centaurs make it clear to Rubeus that their patience is running thin to where they would n't hesitate to attack any human that enters their forest .",-0.25,1," 272",0.25,0.25,0,0.25,0,0,0,0.25,0.675,-0.83083,0.68292
" Harry and his fellow fifth years begin going through their O.W.L. examinations .",0.4,1," 273",0.333333333333333,0,0,0,0,0.333333333333333,0,0.333333333333333,0.963,-1.267,0.582
" During the night , Umbridge orders several Aurors to evict Rubeus from Hogwarts .",-1,1," 274",0,0,0,0,0,1,0,0,0.04333,-1.17,0.24667
" She acts , this time , under the cover of darkness to avoid what happened with Sybill .",-1.25,1," 275",0.166666666666667,0.166666666666667,0,0.333333333333333,0,0.166666666666667,0,0.166666666666667,0.21583,-1.22,0.38167
" Rubeus resists their spells and Minerva is injured when protesting against the use of excessive force against Rubeus . Rubeus is able to escape and Minerva is sent to St Mungo 's .",-1.45,2," 276 277",0.166666666666667,0.166666666666667,0,0.5,0,0.166666666666667,0,0,0.35192,-0.98154,0.36769
" Harry receives a vision that Sirius is being tortured at the Department of Mysteries , although Hermione suspects it may be a trap . Harry desperately attempts to contact Sirius at Grimmauld Place via the Floo in Dolores 's office fireplace once again , but this time he is caught . Dolores reveals it was she who sent Dementor to attack Harry during the summer . When Severus enters the interrogation , Harry tries to pass on a coded message to Severus , but is unsure if he understands or intends to deliver it .",-0.65,4," 278 279 280 281",0.384615384615385,0.153846153846154,0,0.153846153846154,0,0.307692307692308,0,0,0.49955,-1.04636,0.50333
" After Severus leaves , Dolores is about to use the Cruciatus Curse on Harry until Hermione claims that Albus has hidden a powerful weapon in the Forbidden . She leads Harry and Dolores into the forest , where they encounter centaurs . The Skirmish in the Forbidden ensues , and Dolores foolishly insults them and an angry centaur picks up Dolores and carries her off screaming into the woods .",-1.88333333333333,3," 282 283 284",0.35,0.05,0.2,0.15,0.05,0.15,0,0.05,-0.16,-0.43658,0.24026
" When Rubeus 's giant half-brother , Grawp crashes onto the scene , Hermione and Harry escape amid the chaos . Harry , Ronald and Hermione , along with Luna , Ginevra and Neville fly to the Ministry of Magic on Thestral , unaware they are being lured into a trap . When they arrive at the Department of Mysteries , they are ambushed by Death . Tom seeks a prophecy contained in a glass sphere there and needs Harry to retrieve it for him . All of the six students heroically fight the many Death , but they are dangerously outmatched .",-1.05,5," 285 286 287 288 289",0.225806451612903,0.161290322580645,0.0645161290322581,0.193548387096774,0.032258064516129,0.193548387096774,0.0645161290322581,0.0645161290322581,0.03533,-0.72133,0.07233
" The group is nearly defeated , but Order members suddenly arrive to help them .",-1,1," 290",0,0.333333333333333,0,0,0,0.333333333333333,0.333333333333333,0,0.68786,-1.08429,0.835
" During the ensuing battle , the glass sphere is shattered and the prophecy lost .",-1.75,1," 291",0.25,0.25,0,0,0,0.5,0,0,-0.19643,-0.48357,0.08143
" Sirius is blasted with a spell by his Death cousin , Bellatrix , and falling backwards , disappears through a mysterious veiled archway . Remus restrains Harry , who wants to follow and rescue Sirius , telling him that Sirius is dead .",-2.025,2," 292 293",0.117647058823529,0.176470588235294,0.117647058823529,0.117647058823529,0.0588235294117647,0.176470588235294,0.176470588235294,0.0588235294117647,-0.06656,-0.765,-0.09906
" Albus arrives and the Death , except for Bellatrix , are captured .",-0.75,1," 294",0.166666666666667,0.166666666666667,0.166666666666667,0.166666666666667,0,0.166666666666667,0.166666666666667,0,-0.1175,-0.1525,-0.1675
" Tom appears and duels with Dumbledore . After fighting the old hero to a stalemate , he attempts to possess Harry in the hope that Albus will kill Harry , seeking to drive Tom out .",-0.275,2," 295 296",0.166666666666667,0.166666666666667,0.0555555555555556,0.0555555555555556,0.166666666666667,0.111111111111111,0.111111111111111,0.166666666666667,0.08038,-0.42962,0.315
" However , Harry is too full of grief for the death of Sirius , or love , and Tom can not reside in Harry 's soul without suffering unendurable pain .",-2.5,1," 297",0.133333333333333,0.0666666666666667,0.133333333333333,0.2,0.0666666666666667,0.333333333333333,0.0666666666666667,0,-0.418,-0.5565,-0.089
" Ministry of Magic employees arrive in time to see the Dark Lord before he disapparates , taking Bellatrix with him .",-0.35,1," 298",0,0.285714285714286,0.142857142857143,0,0.142857142857143,0.142857142857143,0,0.285714285714286,0.71833,-0.64778,0.32333
" Cornelius finally admits Tom has returned and Harry 's interview with Rita is reprinted in the Daily Prophet .",1.6,1," 299",0.1,0.3,0.1,0,0.1,0.1,0.1,0.2,0.61286,-1.11571,0.48429
" Later , Albus apologises to Harry for withholding information over the past year .",0.4,1," 300",0.5,0,0,0,0,0.5,0,0,0.2175,-1.5475,0.185
" He reveals the lost prophecy , for it was to him that it was first told :",-0.75,1," 301",0,0.5,0,0,0,0.5,0,0,0.64286,-0.79857,0.37714
" Albus also reveals that , due to when the boy was predicted to be born , Neville could also have been the child in the prophecy .Albus believes Tom chose to attack Harry because he is a half-blood like himself ; Neville is a pureblood . In doing so , the Dark Lord marked Harry as his equal ; therefore , there is no doubt that the prophecy relates to anyone but Harry .",-0.375,2," 302 303",0.176470588235294,0.176470588235294,0.117647058823529,0.117647058823529,0.0588235294117647,0.235294117647059,0,0.117647058823529,0.7836,-0.9592,0.352
" Albus also reveals to Harry that he never chose him as a prefect because Albus thought that Harry `` had enough responsibility to be going on with . '' While packing , Harry sees the two-way mirror that Sirius gave him , and tries to call his godfather , but he sees nothing . Then suddenly he has the idea to talk to Nearly Headless Nick , and ask him if Sirius could come back as a ghost . Nick says that Sirius is not the kind of wizard who would do that , which leaves Harry disappointed and sad . Later , at King 's Cross Station , Harry is surprised to find that Mad-Eye Moody , Nymphadora and Remus are there to greet him and to ask Marjorie-Petunia-Vernon-Dudley to treat him better this summer .",-0.02,5," 304 305 306 307 308",0.25,0.0833333333333333,0.0833333333333333,0.111111111111111,0.0555555555555556,0.25,0.111111111111111,0.0555555555555556,0.8175,-0.95818,0.67352
" Ronald and Hermione say goodbye to Harry with the promise that they will meet very soon .",0.75,1," 309",0.25,0,0,0,0.25,0.25,0,0.25,1.02875,-1.165,1.445
